Unnamed: 0,name,lawyer_id,firm_id,profile_url
0,Roy W. Tucker's Lawyer Profile,36356,9936,https://www.bestlawyers.com/lawyers/roy-w-tucker/36356
5,Henry Bregstein's Lawyer Profile,78851,3884,https://www.bestlawyers.com/lawyers/henry-bregstein/78851
10,Michael Todd Wade's Lawyer Profile,81414,2397,https://www.bestlawyers.com/lawyers/michael-todd-todd-wade/81414
15,Stephanie M. Monaco's Lawyer Profile,66342,16978,https://www.bestlawyers.com/lawyers/stephanie-m-monaco/66342
20,Phyllis A. Schwartz's Lawyer Profile,79463,110170,https://www.bestlawyers.com/lawyers/phyllis-a-schwartz/79463
25,J. Troy Terakedis's Lawyer Profile,81291,4464,https://www.bestlawyers.com/lawyers/j-troy-troy-terakedis/81291
30,Sarah K. Cherry's Lawyer Profile,137892,13804,https://www.bestlawyers.com/lawyers/sarah-k-cherry/137892
35,Roger D. Singer's Lawyer Profile,236328,14163,https://www.bestlawyers.com/lawyers/roger-d-singer/236328
40,Jeffrey B. Kaplan's Lawyer Profile,373039,3969,https://www.bestlawyers.com/lawyers/jeffrey-b-kaplan-p-c/373039
45,Timothy P. Selby's Lawyer Profile,99662,29201,https://www.bestlawyers.com/lawyers/timothy-p-tim-selby/99662
50,Matthew L. Giles's Lawyer Profile,215233,16996,https://www.bestlawyers.com/lawyers/matthew-l-giles/215233
55,Scott S. Jones's Lawyer Profile,99511,13804,https://www.bestlawyers.com/lawyers/scott-s-jones-p-c/99511
60,Wendy E. Cohen's Lawyer Profile,202704,3884,https://www.bestlawyers.com/lawyers/wendy-e-cohen/202704
65,Sarah Davidoff's Lawyer Profile,139414,17395,https://www.bestlawyers.com/lawyers/sarah-davidoff/139414
70,Laurel FitzPatrick's Lawyer Profile,83825,17395,https://www.bestlawyers.com/lawyers/laurel-fitzpatrick/83825
75,Bruce I. Ettelson's Lawyer Profile,53235,3969,https://www.bestlawyers.com/lawyers/bruce-i-ettelson/53235
80,Monica K. Arora's Lawyer Profile,122795,13804,https://www.bestlawyers.com/lawyers/monica-k-arora/122795
85,John M. Caccia's Lawyer Profile,123957,3851,https://www.bestlawyers.com/lawyers/john-m-caccia/123957
90,Debra K. Lussier's Lawyer Profile,204345,17395,https://www.bestlawyers.com/lawyers/debra-k-lussier/204345
95,Stewart M. Landefeld's Lawyer Profile,19767,9936,https://www.bestlawyers.com/lawyers/stewart-m-landefeld/19767
100,Eunice Choi's Lawyer Profile,391309,13448,https://www.bestlawyers.com/lawyers/eunice-choi/391309
105,Christopher M. Wells's Lawyer Profile,37110,13804,https://www.bestlawyers.com/lawyers/christopher-m-chris-wells/37110
110,Robert S. Fore's Lawyer Profile,45744,16996,https://www.bestlawyers.com/lawyers/robert-s-rob-fore/45744
115,Teddy D. Klinghoffer's Lawyer Profile,46452,9499,https://www.bestlawyers.com/lawyers/teddy-d-klinghoffer/46452
120,Robin A. Painter's Lawyer Profile,45737,13804,https://www.bestlawyers.com/lawyers/robin-a-painter/45737
125,Stephanie R. Breslow's Lawyer Profile,45154,110170,https://www.bestlawyers.com/lawyers/stephanie-r-breslow/45154
130,Michael B. Gray's Lawyer Profile,80215,3806,https://www.bestlawyers.com/lawyers/michael-b-gray/80215
135,Y. Shukie Grossman's Lawyer Profile,60057,14163,https://www.bestlawyers.com/lawyers/y-shukie-grossman/60057
140,Mary B. Kuusisto's Lawyer Profile,79078,13804,https://www.bestlawyers.com/lawyers/mary-b-kuusisto/79078
145,Basil V. Godellas's Lawyer Profile,128502,3938,https://www.bestlawyers.com/lawyers/basil-v-godellas/128502
150,Jonathan L. Grob's Lawyer Profile,167328,7156,https://www.bestlawyers.com/lawyers/jonathan-l-jon-grob/167328
155,John M. Ferguson's Lawyer Profile,215273,16996,https://www.bestlawyers.com/lawyers/john-m-ferguson/215273
160,Megan M. Devaney's Lawyer Profile,336501,3938,https://www.bestlawyers.com/lawyers/megan-m-devaney/336501
165,Peter Laybourn's Lawyer Profile,184836,17395,https://www.bestlawyers.com/lawyers/peter-laybourn/184836
170,Jeffrey N. Pomerantz's Lawyer Profile,162077,29259,https://www.bestlawyers.com/lawyers/jeffrey-n-jeff-pomerantz/162077
175,David W. Tegeler's Lawyer Profile,50252,13804,https://www.bestlawyers.com/lawyers/david-w-tegeler/50252
180,Andrew Wright's Lawyer Profile,138944,3969,https://www.bestlawyers.com/lawyers/andrew-wright/138944
185,Timothy F. Silva's Lawyer Profile,112596,20955,https://www.bestlawyers.com/lawyers/timothy-f-silva/112596
190,Howard J. Beber's Lawyer Profile,117809,13804,https://www.bestlawyers.com/lawyers/howard-j-beber/117809
195,Willa Cohen Bruckner's Lawyer Profile,136290,29201,https://www.bestlawyers.com/lawyers/willa-cohen-bruckner/136290
200,Heather S. Cruz's Lawyer Profile,59879,3851,https://www.bestlawyers.com/lawyers/heather-s-cruz/59879
205,Timothy R. Damschroder's Lawyer Profile,46681,4415,https://www.bestlawyers.com/lawyers/timothy-r-damschroder/46681
210,Kristin P. Hinson's Lawyer Profile,66061,29201,https://www.bestlawyers.com/lawyers/kristin-p-kris-hinson/66061
215,Chris Hall's Lawyer Profile,117805,9936,https://www.bestlawyers.com/lawyers/chris-hall/117805
220,Marc E. Elovitz's Lawyer Profile,179578,110170,https://www.bestlawyers.com/lawyers/marc-e-elovitz/179578
225,David Hooper's Lawyer Profile,115165,31214,https://www.bestlawyers.com/lawyers/david-hooper/115165
230,Marguerite R. Lombardo's Lawyer Profile,243016,3969,https://www.bestlawyers.com/lawyers/marguerite-r-lombardo/243016
235,Lance A. Zinman's Lawyer Profile,113784,3884,https://www.bestlawyers.com/lawyers/lance-a-zinman/113784
240,John B. Ayer's Lawyer Profile,114126,17395,https://www.bestlawyers.com/lawyers/john-b-ayer/114126
245,Andrew W. Macleod's Lawyer Profile,197105,4464,https://www.bestlawyers.com/lawyers/andrew-w-macleod/197105
250,Kenneth B. Tillou's Lawyer Profile,63107,15028,https://www.bestlawyers.com/lawyers/kenneth-b-tillou/63107
255,Norm Champ's Lawyer Profile,273133,3969,https://www.bestlawyers.com/lawyers/norm-champ/273133
260,Stephen K. Roddenberry's Lawyer Profile,12503,9499,https://www.bestlawyers.com/lawyers/stephen-k-roddenberry/12503
265,Scott W. Naidech's Lawyer Profile,100030,3938,https://www.bestlawyers.com/lawyers/scott-w-naidech/100030
270,Thomas A. Beaudoin's Lawyer Profile,51923,16996,https://www.bestlawyers.com/lawyers/thomas-a-beaudoin/51923
275,Jeffrey A. Beuche's Lawyer Profile,146528,9936,https://www.bestlawyers.com/lawyers/jeffrey-a-jeff-beuche/146528
280,John R. O'Neil's Lawyer Profile,123931,3969,https://www.bestlawyers.com/lawyers/john-r-o-neil/123931
285,Stephanie W. Berdik's Lawyer Profile,244000,3969,https://www.bestlawyers.com/lawyers/stephanie-w-berdik-p-c/244000
290,Jennifer M. Dunn's Lawyer Profile,363855,13804,https://www.bestlawyers.com/lawyers/jennifer-m-dunn/363855
295,Kelli L. Moll's Lawyer Profile,337033,13804,https://www.bestlawyers.com/lawyers/kelli-l-moll/337033
300,Wesley G. Nissen's Lawyer Profile,48437,3806,https://www.bestlawyers.com/lawyers/wesley-g-nissen/48437
305,Brian C. Smith's Lawyer Profile,204467,2782,https://www.bestlawyers.com/lawyers/brian-c-smith/204467
310,David Nissenbaum's Lawyer Profile,72372,110170,https://www.bestlawyers.com/lawyers/david-nissenbaum/72372
315,Bruce L. Lieb's Lawyer Profile,33630,13804,https://www.bestlawyers.com/lawyers/bruce-l-lieb/33630
320,John E. Tavss's Lawyer Profile,128397,27755,https://www.bestlawyers.com/lawyers/john-e-tavss/128397
325,Ian M. Schwartz's Lawyer Profile,168156,110170,https://www.bestlawyers.com/lawyers/ian-m-schwartz/168156
330,David L. Hefflinger's Lawyer Profile,7086,7156,https://www.bestlawyers.com/lawyers/david-l-dave-hefflinger/7086
335,John P. Beals's Lawyer Profile,184123,248,https://www.bestlawyers.com/lawyers/john-p-beals/184123
340,Stephen T. Mears's Lawyer Profile,117703,13804,https://www.bestlawyers.com/lawyers/stephen-t-mears/117703
345,Paul N. Roth's Lawyer Profile,28143,110170,https://www.bestlawyers.com/lawyers/paul-n-roth/28143
350,Laura C. Hodges Taylor's Lawyer Profile,30218,16996,https://www.bestlawyers.com/lawyers/laura-c-hodges-taylor/30218
355,Sean J. Hill's Lawyer Profile,117704,3969,https://www.bestlawyers.com/lawyers/sean-j-hill/117704
360,Matthew T. Harris's Lawyer Profile,234307,7381,https://www.bestlawyers.com/lawyers/matthew-t-harris/234307
365,Margaret Lomenzo Frey's Lawyer Profile,336498,3938,https://www.bestlawyers.com/lawyers/margaret-lomenzo-meg-frey/336498
370,Erica Berthou's Lawyer Profile,127641,3969,https://www.bestlawyers.com/lawyers/erica-berthou-p-c/127641
375,William A. Hoy's Lawyer Profile,122842,9499,https://www.bestlawyers.com/lawyers/william-a-will-hoy-iv/122842
380,Don J. McDermett's Lawyer Profile,49020,3938,https://www.bestlawyers.com/lawyers/don-j-mcdermett-jr/49020
385,Michael G. Tannenbaum's Lawyer Profile,53178,47162,https://www.bestlawyers.com/lawyers/michael-g-tannenbaum/53178
390,Lisa S. Tsai's Lawyer Profile,192034,66105,https://www.bestlawyers.com/lawyers/lisa-s-tsai/192034
395,Allison C. Yacker's Lawyer Profile,127590,22385,https://www.bestlawyers.com/lawyers/allison-c-yacker/127590
400,Chris P. Kallos's Lawyer Profile,123922,3969,https://www.bestlawyers.com/lawyers/chris-p-kallos/123922
405,Arnold P. May's Lawyer Profile,73976,13804,https://www.bestlawyers.com/lawyers/arnold-p-may/73976
410,Edward D. Sopher's Lawyer Profile,45280,14163,https://www.bestlawyers.com/lawyers/edward-d-sopher/45280
415,Elizabeth K. Brown's Lawyer Profile,81247,33830,https://www.bestlawyers.com/lawyers/elizabeth-k-liz-brown/81247
416,Todd J. Rolapp's Lawyer Profile,46045,25136,https://www.bestlawyers.com/lawyers/todd-j-rolapp/46045
417,Arthur Jay Schwartz's Lawyer Profile,232504,2358,https://www.bestlawyers.com/lawyers/arthur-jay-schwartz/232504
418,Ethan W. Johnson's Lawyer Profile,64561,28390,https://www.bestlawyers.com/lawyers/ethan-w-johnson/64561
419,James C. Munsell's Lawyer Profile,138568,15305,https://www.bestlawyers.com/lawyers/james-c-munsell/138568
420,Jonathon G. Soler's Lawyer Profile,127793,12756,https://www.bestlawyers.com/lawyers/jonathon-g-soler/127793
421,Byron B. Kirkland's Lawyer Profile,47911,17742,https://www.bestlawyers.com/lawyers/byron-b-kirkland/47911
422,Ted S. Schweinfurth's Lawyer Profile,48239,3934,https://www.bestlawyers.com/lawyers/ted-s-schweinfurth/48239
423,Jedd H. Wider's Lawyer Profile,174741,28390,https://www.bestlawyers.com/lawyers/jedd-h-wider/174741
424,Alan W. Becker's Lawyer Profile,52033,7903,https://www.bestlawyers.com/lawyers/alan-w-becker/52033
425,Michael W. McGrath's Lawyer Profile,174363,622,https://www.bestlawyers.com/lawyers/michael-w-mcgrath/174363
426,Mark P. Tanoury's Lawyer Profile,39114,13597,https://www.bestlawyers.com/lawyers/mark-p-tanoury/39114
427,Rebecca F. Silberstein's Lawyer Profile,37459,22334,https://www.bestlawyers.com/lawyers/rebecca-f-silberstein/37459
428,Evan J. Leibhan's Lawyer Profile,364474,4736,https://www.bestlawyers.com/lawyers/evan-j-leibhan/364474
429,John A. Millspaugh's Lawyer Profile,52068,7903,https://www.bestlawyers.com/lawyers/john-a-millspaugh/52068
430,Curtis C. Brewer's Lawyer Profile,66533,17742,https://www.bestlawyers.com/lawyers/curtis-c-curt-brewer-iv/66533
431,Louis H. Singer's Lawyer Profile,44991,28390,https://www.bestlawyers.com/lawyers/louis-h-singer/44991
432,Jonathan S. Adler's Lawyer Profile,126863,22334,https://www.bestlawyers.com/lawyers/jonathan-s-adler/126863
433,Andrew I. Chizzik's Lawyer Profile,365209,12756,https://www.bestlawyers.com/lawyers/andrew-i-chizzik/365209
434,Reid A. Godbolt's Lawyer Profile,52064,24320,https://www.bestlawyers.com/lawyers/reid-a-godbolt/52064
435,Gerald J. Kehoe's Lawyer Profile,108235,28390,https://www.bestlawyers.com/lawyers/gerald-j-jerry-kehoe/108235
436,Michael J. Herling's Lawyer Profile,40352,980,https://www.bestlawyers.com/lawyers/michael-j-mike-herling/40352
437,Rita M. Molesworth's Lawyer Profile,138021,27690,https://www.bestlawyers.com/lawyers/rita-m-molesworth/138021
438,Stephen Culhane's Lawyer Profile,50804,9117,https://www.bestlawyers.com/lawyers/stephen-culhane/50804
439,Amanda N. Persaud's Lawyer Profile,339327,12863,https://www.bestlawyers.com/lawyers/amanda-n-persaud/339327
440,David I. Greenberg's Lawyer Profile,53590,56727,https://www.bestlawyers.com/lawyers/david-i-greenberg/53590
441,Elise Green's Lawyer Profile,220376,2669,https://www.bestlawyers.com/lawyers/elise-green/220376
442,Prakash Mehta's Lawyer Profile,136026,15305,https://www.bestlawyers.com/lawyers/prakash-mehta/136026
443,Adam B. Ghander's Lawyer Profile,224409,2669,https://www.bestlawyers.com/lawyers/adam-b-ghander/224409
444,Robert M. Hirsh's Lawyer Profile,45009,27680,https://www.bestlawyers.com/lawyers/robert-m-hirsh/45009
445,Samuel D. Chafetz's Lawyer Profile,24643,7409,https://www.bestlawyers.com/lawyers/samuel-d-sam-chafetz/24643
446,Richard Lieberman's Lawyer Profile,65346,7155,https://www.bestlawyers.com/lawyers/richard-lieberman/65346
447,Lawrence N. Barshay's Lawyer Profile,126862,22385,https://www.bestlawyers.com/lawyers/lawrence-n-barshay/126862
448,Elizabeth Lenas's Lawyer Profile,145288,22771,https://www.bestlawyers.com/lawyers/elizabeth-liza-lenas/145288
449,Jennifer A. Spiegel's Lawyer Profile,280177,3701,https://www.bestlawyers.com/lawyers/jennifer-a-spiegel/280177
450,Leor Landa's Lawyer Profile,147891,22536,https://www.bestlawyers.com/lawyers/leor-landa/147891
451,Glenn R. Sarno's Lawyer Profile,59264,27681,https://www.bestlawyers.com/lawyers/glenn-r-sarno/59264
452,Gary D. LeClair's Lawyer Profile,47863,19348,https://www.bestlawyers.com/lawyers/gary-d-leclair/47863
453,Thomas H. Bell's Lawyer Profile,44842,27681,https://www.bestlawyers.com/lawyers/thomas-h-bell/44842
454,Lior J. Ohayon's Lawyer Profile,168523,27690,https://www.bestlawyers.com/lawyers/lior-j-ohayon/168523
455,Tully D. Hazell's Lawyer Profile,281594,1548,https://www.bestlawyers.com/lawyers/tully-d-hazell/281594
456,R. Clyde Parker's Lawyer Profile,48213,15624,https://www.bestlawyers.com/lawyers/r-clyde-parker-jr/48213
457,Phillip Isom's Lawyer Profile,112824,27690,https://www.bestlawyers.com/lawyers/phillip-isom/112824
458,Marc R. Lieberman's Lawyer Profile,157407,7155,https://www.bestlawyers.com/lawyers/marc-r-lieberman/157407
459,Richard A. Goldman's Lawyer Profile,65298,28390,https://www.bestlawyers.com/lawyers/richard-a-rich-goldman/65298
460,Alison S. Ressler's Lawyer Profile,13968,12959,https://www.bestlawyers.com/lawyers/alison-s-ressler/13968
461,Alfred Nicholas Purrington's Lawyer Profile,133659,52857,https://www.bestlawyers.com/lawyers/alfred-nicholas-nick-purrington/133659
462,Haynes P. Lea's Lawyer Profile,35734,17711,https://www.bestlawyers.com/lawyers/haynes-p-lea/35734
463,John M. Saada's Lawyer Profile,51605,2104,https://www.bestlawyers.com/lawyers/john-m-saada-jr/51605
464,Marco V. Masotti's Lawyer Profile,81574,27680,https://www.bestlawyers.com/lawyers/marco-v-masotti/81574
465,Frank B. Bennett's Lawyer Profile,37131,11762,https://www.bestlawyers.com/lawyers/frank-b-bennett/37131
466,Georgette A. Schaefer's Lawyer Profile,174738,28390,https://www.bestlawyers.com/lawyers/georgette-a-schaefer/174738
467,Gregory S. Curran's Lawyer Profile,46544,101835,https://www.bestlawyers.com/lawyers/gregory-s-greg-curran/46544
468,W. Graham McCall's Lawyer Profile,288663,16482,https://www.bestlawyers.com/lawyers/w-graham-mccall/288663
469,Barbara A. Kaye's Lawyer Profile,59054,4736,https://www.bestlawyers.com/lawyers/barbara-a-kaye/59054
470,Michael W. Wolitzer's Lawyer Profile,43455,27681,https://www.bestlawyers.com/lawyers/michael-w-wolitzer/43455
471,J. Matthew Mangan's Lawyer Profile,129237,17441,https://www.bestlawyers.com/lawyers/j-matthew-matt-mangan/129237
472,Michael J. Schmidtberger's Lawyer Profile,48435,3701,https://www.bestlawyers.com/lawyers/michael-j-schmidtberger/48435
473,Elizabeth Shea Fries's Lawyer Profile,40746,3701,https://www.bestlawyers.com/lawyers/elizabeth-shea-liz-fries/40746
474,William F. Sturman's Lawyer Profile,186293,91286,https://www.bestlawyers.com/lawyers/william-f-bill-sturman/186293
475,Andrew M. Ahern's Lawyer Profile,349033,22536,https://www.bestlawyers.com/lawyers/andrew-m-ahern/349033
476,Robert G. Leonard's Lawyer Profile,80367,17441,https://www.bestlawyers.com/lawyers/robert-g-leonard/80367
477,Geoffrey L. Newton's Lawyer Profile,60115,33939,https://www.bestlawyers.com/lawyers/geoffrey-l-geoff-newton/60115
478,Barry M. Wolf's Lawyer Profile,40022,12756,https://www.bestlawyers.com/lawyers/barry-m-wolf/40022
479,Wagner R. Dias da Silva's Lawyer Profile,147007,24736,https://www.bestlawyers.com/lawyers/wagner-r-dias-da-silva/147007
480,Mark P. Goshko's Lawyer Profile,129173,17441,https://www.bestlawyers.com/lawyers/mark-p-goshko/129173
481,James A. Giesel's Lawyer Profile,42066,10099,https://www.bestlawyers.com/lawyers/james-a-giesel/42066
482,Michael Edward Millikan's Lawyer Profile,69930,8233,https://www.bestlawyers.com/lawyers/michael-edward-millikan/69930
483,Laura S. Friedrich's Lawyer Profile,123213,27690,https://www.bestlawyers.com/lawyers/laura-s-friedrich/123213
484,Douglas P. Dick's Lawyer Profile,81010,622,https://www.bestlawyers.com/lawyers/douglas-p-dick/81010
485,Mark E. Bonham's Lawyer Profile,48881,4067,https://www.bestlawyers.com/lawyers/mark-e-bonham/48881
486,Malcolm B. Nicholls's Lawyer Profile,50254,16919,https://www.bestlawyers.com/lawyers/malcolm-b-nicholls-iii/50254
487,Stephanie L. Chandler's Lawyer Profile,175622,16482,https://www.bestlawyers.com/lawyers/stephanie-l-chandler/175622
488,Thomas V. D'Ambrosio's Lawyer Profile,59553,28390,https://www.bestlawyers.com/lawyers/thomas-v-d-ambrosio/59553
489,Barrie B. Covit's Lawyer Profile,81573,27681,https://www.bestlawyers.com/lawyers/barrie-b-covit/81573
490,David S. Felman's Lawyer Profile,16564,8892,https://www.bestlawyers.com/lawyers/david-s-dave-felman/16564
491,Laurence P. Naughton's Lawyer Profile,78171,16999,https://www.bestlawyers.com/lawyers/laurence-p-larry-naughton/78171
492,Timothy M. Clark's Lawyer Profile,80989,4067,https://www.bestlawyers.com/lawyers/timothy-m-clark/80989
493,Nicole J.E. Brennig's Lawyer Profile,371131,2669,https://www.bestlawyers.com/lawyers/nicole-j-e-brennig/371131
494,Harrison M. Hall's Lawyer Profile,129550,52857,https://www.bestlawyers.com/lawyers/harrison-m-hall/129550
495,Edward W. Moore's Lawyer Profile,148156,10099,https://www.bestlawyers.com/lawyers/edward-w-eddy-moore/148156
496,Eric Wagner's Lawyer Profile,204316,35142,https://www.bestlawyers.com/lawyers/eric-wagner/204316
497,Udi Grofman's Lawyer Profile,130601,27680,https://www.bestlawyers.com/lawyers/udi-grofman/130601
498,Ty G. Roofner's Lawyer Profile,228419,1548,https://www.bestlawyers.com/lawyers/ty-g-roofner/228419
499,S. Brian Farmer's Lawyer Profile,70267,31349,https://www.bestlawyers.com/lawyers/s-brian-brian-farmer/70267
500,Timothy Clark's Lawyer Profile,125753,33266,https://www.bestlawyers.com/lawyers/timothy-tim-clark/125753
501,Lorna M. Bowen's Lawyer Profile,101099,22334,https://www.bestlawyers.com/lawyers/lorna-m-bowen/101099
502,Robert B. Womble's Lawyer Profile,66542,17441,https://www.bestlawyers.com/lawyers/robert-b-womble/66542
503,David Kern's Lawyer Profile,35868,13861,https://www.bestlawyers.com/lawyers/david-kern/35868
504,JoAnn M. Strasser's Lawyer Profile,146313,25786,https://www.bestlawyers.com/lawyers/joann-m-strasser/146313
505,Wyatt A. Deal's Lawyer Profile,255417,14054,https://www.bestlawyers.com/lawyers/wyatt-a-deal/255417
506,John A. Dado's Lawyer Profile,51962,13597,https://www.bestlawyers.com/lawyers/john-a-dado/51962
507,John D. Reiss's Lawyer Profile,205547,2669,https://www.bestlawyers.com/lawyers/john-d-reiss/205547
508,Rick Giovannelli's Lawyer Profile,64648,17441,https://www.bestlawyers.com/lawyers/rick-giovannelli/64648
509,Jeffrey C. Hart's Lawyer Profile,99518,17711,https://www.bestlawyers.com/lawyers/jeffrey-c-hart/99518
510,Edward D. Nelson's Lawyer Profile,115477,3716,https://www.bestlawyers.com/lawyers/edward-d-nelson/115477
511,Michael A. Gerstenzang's Lawyer Profile,45050,22771,https://www.bestlawyers.com/lawyers/michael-a-gerstenzang/45050
512,Harold B. Finn's Lawyer Profile,980,980,https://www.bestlawyers.com/lawyers/harold-b-finn-iii/980
513,Paul A. Hughes's Lawyer Profile,60089,946,https://www.bestlawyers.com/lawyers/paul-a-hughes/60089
514,Jason A. Herman's Lawyer Profile,174439,27681,https://www.bestlawyers.com/lawyers/jason-a-herman/174439
515,Andrew R. Hough's Lawyer Profile,228911,3844,https://www.bestlawyers.com/lawyers/andrew-r-hough/228911
516,Michael A. Leber's Lawyer Profile,367673,2566,https://www.bestlawyers.com/lawyers/michael-a-leber/367673
517,Steven B. Boehm's Lawyer Profile,41685,2119,https://www.bestlawyers.com/lawyers/steven-b-steve-boehm/41685
518,Dorothy Mehta's Lawyer Profile,183832,22385,https://www.bestlawyers.com/lawyers/dorothy-mehta/183832
519,Barton B. Clark's Lawyer Profile,179725,3716,https://www.bestlawyers.com/lawyers/barton-b-clark/179725
