raw_name,canonical_name
1270 ADMINISTRATOR LLC,1270 ADMINISTRATOR LLC
2020 ESHARES INC. DBA CARTA INC.,2020 ESHARES INC. DBA CARTA INC.
4PINES FUND SERVICES LLC,4PINES FUND SERVICES LLC
500 GLOBAL,500 GLOBAL
ABSOLUTE FUND ADMINISTRATION,ABSOLUTE FUND ADMINISTRATION
AD CARTA LLC,CARTA FUND SERVICES LLC
ADURO,ADURO ADVISORS LLC
ADURO ADVISERS,ADURO ADVISORS LLC
ADURO ADVISOR LLC,ADURO ADVISORS LLC
ADURO ADVISORS,ADURO ADVISORS LLC
ADURO ADVISORS LCC,ADURO ADVISORS LLC
ADURO ADVISORS LLC,ADURO ADVISORS LLC
ADURO GROUP,ADURO ADVISORS LLC
ADURO INVESTORS LLC,ADURO ADVISORS LLC
ADURO PARTNERS,ADURO ADVISORS LLC
ADVANCED FUND ADMINISTRATION,ADVANCED FUND ADMINISTRATION
ADVANTAGE CAPITAL MANAGEMENT CORPORATION,ADVANTAGE CAPITAL MANAGEMENT CORPORATION
AGORA,AGORA
AL ADVISORS MANAGEMENT INC.,ANGELLIST ADVISORS LLC
AL ADVISORS MANAGEMENT INC. ANGELLIST,ANGELLIST ADVISORS LLC
ALLEGHENY CONFERENCE ON COMMUNITY DEVELOPMENT,ALLEGHENY CONFERENCE ON COMMUNITY DEVELOPMENT
ALLOCATIONS,ALLOCATIONS FUND ADMINISTRATION LLC
ALLOCATIONS FUND ADMINISTRATION LLC,ALLOCATIONS FUND ADMINISTRATION LLC
ALLOCATIONS FUND SERVICES,ALLOCATIONS FUND ADMINISTRATION LLC
ALLOCATIONS INC,ALLOCATIONS FUND ADMINISTRATION LLC
ALLOCATIONS INC.,ALLOCATIONS FUND ADMINISTRATION LLC
ALPHA ADMINISTRATION LLC,ALPHA ADMINISTRATION LLC
ALPHA ALT FUND SERVICES LLC,ALPHA ALT FUND SERVICES LLC
ALPS ALTERNATIVE INVESTMENT SERVICES LLC,ALPS ALTERNATIVE INVESTMENT SERVICES LLC
ALTA TRUST COMPANY,ALTA TRUST COMPANY
ALTER DOMUS,ALTER DOMUS CAPITAL MARKET SERVICES
ALTER DOMUS CAPITAL MARKET SERVICES,ALTER DOMUS CAPITAL MARKET SERVICES
ALTER DOMUS NORTH AMERICA,ALTER DOMUS CAPITAL MARKET SERVICES
ALTER DOMUS STRATA FUND SOLUTIONS LLC,ALTER DOMUS CAPITAL MARKET SERVICES
ALTER DOMUS US LLC,ALTER DOMUS CAPITAL MARKET SERVICES
ALTERDOMUS,ALTER DOMUS CAPITAL MARKET SERVICES
ALTERNATIVE FINANCIAL CORPORATION,ALTERNATIVE FINANCIAL CORPORATION
ALTPILOT LLC,ALTPILOT LLC
ANCHOR POINT,ANCHOR POINT
ANDERSEN TAX LLC,ANDERSEN TAX LLC
ANDERSON TAX,ANDERSEN TAX LLC
ANGELLIST,ANGELLIST ADVISORS LLC
ANGELLIST ADVISORS LLC,ANGELLIST ADVISORS LLC
ANGLEL LIST/BELLTOWER FUNDS,ANGELLIST ADVISORS LLC
APEX,APEX FUND SERVICES LLC
APEX BUSINESS SERVICES,APEX FUND SERVICES LLC
APEX BUSINESS SERVICES USA LLC,APEX FUND SERVICES LLC
APEX FUND ADMINISTRATORS PREVIOUSLY KNOWN AS BROADSCOPE,APEX FUND SERVICES LLC
APEX FUND AND CORPORATE SERVICES TEXAS LTD.,APEX FUND SERVICES LLC
APEX FUND AND CUSTODY SERVICES LLC,APEX FUND SERVICES LLC
APEX FUND SERVICES,APEX FUND SERVICES LLC
APEX FUND SERVICES ATLANTA LLC,APEX FUND SERVICES LLC
APEX FUND SERVICES CHARLOTTE LLC,APEX FUND SERVICES LLC
APEX FUND SERVICES CHICAGO LLC,APEX FUND SERVICES LLC
APEX FUND SERVICES INDIANA INC.,APEX FUND SERVICES LLC
APEX FUND SERVICES LLC,APEX FUND SERVICES LLC
APEX FUND SERVICES SFO LLC,APEX FUND SERVICES LLC
APEX FUND SERVICES USA LLC,APEX FUND SERVICES LLC
APEX FUND SOLUTIONS INDIANA INC,APEX FUND SERVICES LLC
APEX GROUP,APEX FUND SERVICES LLC
APEX GROUP LTD,APEX FUND SERVICES LLC
APEX GROUP LTD.,APEX FUND SERVICES LLC
APEX US HOLDINGS LTD DBA BROADSCOPE FUND ADMINISTRATORS LLC,APEX FUND SERVICES LLC
ARCHWAY TECHNOLOGY PARTNERS INC.,ARCHWAY TECHNOLOGY PARTNERS INC.
ARCIS CAPITAL MANAGEMENT INC.,ARCIS CAPITAL MANAGEMENT INC.
ARMANINO ADVISORY LLC,ARMANINO ADVISORY LLC
ARMANINO LLP,ARMANINO ADVISORY LLC
ARTEX CAPITAL SOLUTIONS INC.,ARTEX CAPITAL SOLUTIONS INC.
ASCENT FUND SERVICES USA LLC,ASCENT FUND SERVICES USA LLC
ASSURE FUND MANAGEMENT II LLC,ASSURE FUND MANAGEMENT II LLC
ATLAS FUND SERVICES LLC,ATLAS FUND SERVICES LLC
AUDENA CONSULTING LLC,AUDENA CONSULTING LLC
AUDRO ADVISORS LLC,ADURO ADVISORS LLC
AURUM ASSET MANAGEMENT LLC,AURUM ASSET MANAGEMENT LLC
AZTEC FUND ADMINISTRATION LLC,AZTEC FUND ADMINISTRATION LLC
BAKER TILLEY,BAKER TILLY US LLP
BAKER TILLY,BAKER TILLY US LLP
BAKER TILLY US LLP,BAKER TILLY US LLP
BAKER TILLY VIRCHOW KRAUSE LLP,BAKER TILLY US LLP
BARRIER CREST,BARRIER CREST
BELLTOWER,ANGELLIST ADVISORS LLC
BELLTOWER FUND GROUP LTD,ANGELLIST ADVISORS LLC
BELLTOWER FUNDS GROUP LTD.,ANGELLIST ADVISORS LLC
BENDER  ASSOCIATES CPAS,BENDER  ASSOCIATES CPAS
BGT FUND ADMINISTRATION,BGT FUND ADMINISTRATION
BLUE CREST PARTNERS LLC,BLUE CREST PARTNERS LLC
BLUE RIVER PARTNERS L.L.C.,BLUE RIVER PARTNERS L.L.C.
BNY MELLON,BNY MELLON ASSET SERVICING
BNY MELLON - ALTERNATIVE INVESTMENT SERVICES,BNY MELLON ASSET SERVICING
BNY MELLON ASSET SERVICING,BNY MELLON ASSET SERVICING
BOLDER FUND SERVICES USA LLC,BOLDER FUND SERVICES USA LLC
BPM LLP,BPM LLP
BRIDGE ALTERNATIVE INVESTMENT SOLUTIONS,BRIDGE ALTERNATIVE INVESTMENT SOLUTIONS
BRIDGE GLOBAL FUND ADMINISTRATION SOLUTIONS LLC,BRIDGE ALTERNATIVE INVESTMENT SOLUTIONS
BRISTOL ACCOUNTING SERVICES LLC,BRISTOL ACCOUNTING SERVICES LLC
BROADSCOPE FUND ADMINISTRATION,APEX FUND SERVICES LLC
BROADSCOPE FUND ADMINISTRATOR,APEX FUND SERVICES LLC
BROADSCOPE FUND ADMINISTRATORS LLC,APEX FUND SERVICES LLC
BROADSCOPE FUND ADMINISTRATORS LLC A SUBSIDIARY OF APEX FUND SERVICES,APEX FUND SERVICES LLC
BROADSCOPE FUND ADMINISTRATORS LLC AN APEX GROUP LTD. COMPANY,APEX FUND SERVICES LLC
BROADSTREET IMPACT SERVICES,BROADSTREET IMPACT SERVICES
BURGEON ADVISORS LLC,BURGEON ADVISORS LLC
BURGHER HAGGARD,BURGEON ADVISORS LLC
C,C
C2 FUND SERVICES LLC,C2 FUND SERVICES LLC
CADE CRENSHAW  ASSOCIATES P.C.,CADE CRENSHAW  ASSOCIATES P.C.
CALLAY CAPITAL LLC,CALLAY CAPITAL LLC
CANOPY,ENCARTE INC.
CANOPY TAX INC.,ENCARTE INC.
CAPITAL MANAGEMENT RESOURCES LLC,CAPITAL MANAGEMENT RESOURCES LLC
CARTA,CARTA FUND SERVICES LLC
CARTA FINANCIAL SERVICES,CARTA FUND SERVICES LLC
CARTA FUND ADMIN,CARTA FUND SERVICES LLC
CARTA FUND ADMINISTRATION,CARTA FUND SERVICES LLC
CARTA FUND ADMINISTRATOR,CARTA FUND SERVICES LLC
CARTA FUND SERVICES,CARTA FUND SERVICES LLC
CARTA FUND SERVICES LLC,CARTA FUND SERVICES LLC
CARTA HQ,CARTA FUND SERVICES LLC
CARTA INC.,CARTA FUND SERVICES LLC
CARTA INC. AND ITS AFFILIATES,CARTA FUND SERVICES LLC
CARTA INVESTOR SERVICES,CARTA FUND SERVICES LLC
CARTA INVESTOR SERVICES INC,CARTA FUND SERVICES LLC
CARTA INVESTOR SERVICES INC.,CARTA FUND SERVICES LLC
CARTA INVESTOR SERVICS INC,CARTA FUND SERVICES LLC
CARTA INVESTORS SERVICES INC.,CARTA FUND SERVICES LLC
CARTA SECURITIES LLC,CARTA FUND SERVICES LLC
CARTA SERVICES INC.,CARTA FUND SERVICES LLC
CARTA SOFTWARE,CARTA FUND SERVICES LLC
CARTA US SYNDICATE ADMINISTRATOR LLC,CARTA FUND SERVICES LLC
CARTA VENTURE CAPITAL INC.,CARTA FUND SERVICES LLC
CATALYST,CATALYST FUND ADMINISTRATION LLC
CATALYST FUND ADMINISTRATION LLC,CATALYST FUND ADMINISTRATION LLC
CATALYST FUND ADMINISTRATION LLC.,CATALYST FUND ADMINISTRATION LLC
CATALYST FUND ADMINSTRATION,CATALYST FUND ADMINISTRATION LLC
CENTAUR A WAYSTONE GROUP COMPANY,WAYSTONE ADMINISTRATION SOLUTIONS
CENTAUR FUND SERVICES U.S. INC.,WAYSTONE ADMINISTRATION SOLUTIONS
CENTAUR FUND SERVICES US INC. A WAYSTONE GROUP COMPANY,WAYSTONE ADMINISTRATION SOLUTIONS
CITCO FUND SERVICES INC.,CITCO FUND SERVICES INC.
CITCO FUND SERVICES USA INC,CITCO FUND SERVICES INC.
CITCO FUND SERVICES USA INC.,CITCO FUND SERVICES INC.
CITI FUND SERVICES OHIO INC.,CITI FUND SERVICES OHIO INC.
CITRIN COOPERMAN,CITRIN COOPERMAN
CLAUDIA L. LLANOS A CONSULTANCY  ACCOUNTANCY CORPORATION,CLAUDIA L. LLANOS A CONSULTANCY  ACCOUNTANCY CORPORATION
CLIFTONLARSONALLEN LLP,CLIFTONLARSONALLEN LLP
COBALT FUND SERVICES L.P.,COBALT FUND SERVICES LP
COBALT FUND SERVICES LP,COBALT FUND SERVICES LP
COHEN  ASSOCIATES LLC,COHEN  ASSOCIATES LLC
COLMORE,COLMORE
COLUMBIA PACIFIC ADVISORS,COLUMBIA PACIFIC ADVISORS
CONDE BOYCE,CONDE BOYCE
CONEJOS CAPITAL LLC,CONEJOS CAPITAL LLC
COONEY AND ASSOCIATES,COONEY AND ASSOCIATES
CORE FUND SOLUTIONS,CORE FUND SOLUTIONS
CORNERSTONE FUND ADMINISTRATOR,CORNERSTONE FUND SERVICES LLC
CORNERSTONE FUND SERVICES,CORNERSTONE FUND SERVICES LLC
CORNERSTONE FUND SERVICES LLC,CORNERSTONE FUND SERVICES LLC
CORNERSTONE INVESTMENT MANAGEMENT INC.,CORNERSTONE FUND SERVICES LLC
CORPORATION SERVICE COMPANY,CORPORATION SERVICE COMPANY
CRESCENT SCNOLA MANAGER LLC,CRESCENT SCNOLA MANAGER LLC
CSC FUND SERVICES,CSC FUND SERVICES
CSC FUND SERVICES NORTH AMERICA LLC,CSC FUND SERVICES
CSC GLOBAL FUND SERVICES,CSC FUND SERVICES
CSC GLOBAL SOLUTIONS,CSC FUND SERVICES
DBA CARTA INC.,CARTA FUND SERVICES LLC
DECILE GROUP INC.,DECILE GROUP INC.
DELUCA FINANCIAL SERVICES,DELUCA FINANCIAL SERVICES
DKH SERVICES LLC,DKH SERVICES LLC
DSF ADVISOR LLC,DSF ADVISOR LLC
DT ACCOUNTING  BOOKKEEPING SERVICES LLC,DT ACCOUNTING  BOOKKEEPING SERVICES LLC
DUCERA PARTNERS LLC,DUCERA PARTNERS LLC
DYNAMO SOFTWARE INC.,DYNAMO SOFTWARE INC.
DYNAMO SOFTWARE INC. FKA Q-BIZ SOLUTIONS LLC,DYNAMO SOFTWARE INC.
E78 PARTNERS,E78 PARTNERS
EA RESIG LLC,EA RESIG LLC
EAGAN  COMPANY,EAGAN  COMPANY
EDWARD B. COHEN,EDWARD B. COHEN
EISNER ADVISORY GROUP LLC,EISNER ADVISORY GROUP LLC
EISNER AMPER,EISNER ADVISORY GROUP LLC
EISNERAMPER FUND SERVICES LLC,EISNER ADVISORY GROUP LLC
EISNERAMPER LLP,EISNER ADVISORY GROUP LLC
ELEVATE FINANCIAL SERVICES,ELEVATE FINANCIAL SOLUTIONS LLC
ELEVATE FINANCIAL SOLUTIONS LLC,ELEVATE FINANCIAL SOLUTIONS LLC
EMILY AH-SING,EMILY AH-SING
ENCARTE INC.,ENCARTE INC.
ENCARTE INC. DBA AS CANOPY,ENCARTE INC.
ENERGY SPECTRUM SECURITIES CORPORATION,ENERGY SPECTRUM SECURITIES CORPORATION
EPRODIGY,EPRODIGY
EQUITYBEE FUND MANAGEMENT LLC,EQUITYBEE FUND MANAGEMENT LLC
ESHARES INC.,CARTA FUND SERVICES LLC
ESHARES INC. D/B/A CARTA INC.,CARTA FUND SERVICES LLC
ESHARES INC. D/BA/ CARTA INC.,CARTA FUND SERVICES LLC
ESHARES INC. DBA AS CARTA INC.,CARTA FUND SERVICES LLC
ESHARES INC. DBA CARTA,CARTA FUND SERVICES LLC
ESHARES INC. DBA CARTA INC.,CARTA FUND SERVICES LLC
ESHARES INC. DBA CARTA INC. CARTA,CARTA FUND SERVICES LLC
ESHARES INC. DBA CARTA INVESTOR SERVICES INC,CARTA FUND SERVICES LLC
ESHARES INC. DOING BUSINESS AS CARTA INC.,CARTA FUND SERVICES LLC
ESSENTIAL FUND SERVICES INTERNATIONAL LLC,JTC FINANCIAL GROUP
ESSENTIAL FUND SERVICES LLC OWNED BY JTC GROUP ENTITIES,JTC FINANCIAL GROUP
EXCELL PARTNERS INC.,EXCELL PARTNERS INC.
FAIRVIEW INVESTMENT ADMINISTRATION LLC,FAIRVIEW INVESTMENT ADMINISTRATION LLC
FCI LENDER SERVICES INC.,FCI LENDER SERVICES INC.
FGMK LLC,FGMK LLC
FIDELITY INFORMATION SERVICES LLC,FIDELITY INFORMATION SERVICES LLC
FIGURE TECHNOLOGIES INC.,FIGURE TECHNOLOGIES INC.
FIGURE TECHNOLOGIES INC. D/B/A FIGURE DIGITAL FUND SERVICES,FIGURE TECHNOLOGIES INC.
FINALLY FUND ADMIN LLC,FINALLY FUND ADMIN LLC
FINANCIAL SOLUTIONS ACCOUNTING  ADMINISTRATIVE SERVICES INC.,FINANCIAL SOLUTIONS ACCOUNTING  ADMINISTRATIVE SERVICES INC.
FINANCIAL SOLUTIONS ACCOUNTING AND ADMINISTRATIVE SERVICES INC.,FINANCIAL SOLUTIONS ACCOUNTING  ADMINISTRATIVE SERVICES INC.
FINSTRAT MANAGEMENT,FINSTRAT MANAGEMENT
FLAGSHIP ADVISORY LLC,FLAGSHIP ADVISORY LLC
FLAGSHIP GROUP,FLAGSHIP ADVISORY LLC
FLEMING FINANCIAL SERVICES LP,FLEMING FUND SERVICES INC.
FLEMING FINANCIAL SERVICES P.C.,FLEMING FUND SERVICES INC.
FLEMING FUND SERVICE,FLEMING FUND SERVICES INC.
FLEMING FUND SERVICES,FLEMING FUND SERVICES INC.
FLEMING FUND SERVICES INC.,FLEMING FUND SERVICES INC.
FLOW,FLOW INC.
FLOW INC.,FLOW INC.
FLOWINC,FLOW INC.
FORMIDIUM CORP,FORMIDIUM CORP
FORMIDIUM CORP.,FORMIDIUM CORP
FORMIDIUM FUND SERVICES,FORMIDIUM CORP
FRAZIER  DEETER,FRAZIER  DEETER
FREEMARK FINANCIAL LLP,FREEMARK FINANCIAL LLP
FTS ADMIN,FTS ADMIN LLC
FTS ADMIN LLC,FTS ADMIN LLC
FTS TECH INC PRODUCT: FLOWINC.AP,FTS TECH INC.
FTS TECH INC PRODUCT: FLOWINC.APP,FTS TECH INC.
FTS TECH INC.,FTS TECH INC.
FULVIO  ASSOCIATES,FULVIO AND ASSOCIATES
FULVIO AND ASSOCIATES,FULVIO AND ASSOCIATES
FUND ADMINISTRATION GROUP LLC,FUND ADMINISTRATION GROUP LLC
FUND ASSOCIATES,FUND ASSOCIATES
FUNDERSCLUB MANAGEMENT LLC,FUNDERSCLUB MANAGEMENT LLC
FUNDRX CAPITAL MANAGEMENT LLC,FUNDRX CAPITAL MANAGEMENT LLC
G. M.-P. MURPHY  COMPANY INCORPORATED,G. M.-P. MURPHY  COMPANY INCORPORATED
GAINGELS INC,GAINGELS INC
GBX ASSOCIATES LLC,GBX ASSOCIATES LLC
GCP CAPITAL PARTNERS,GCP CAPITAL PARTNERS
GEMINI HEDGE FUND SERVICES LLC,GEMINI HEDGE FUND SERVICES LLC
GEN 2,GEN II FUND SERVICES LLC
GEN II,GEN II FUND SERVICES LLC
GEN II FUND SERVICES LLC,GEN II FUND SERVICES LLC
GGA CPA LLP,GGA CPA LLP
GLTJ PIONEER CAPITAL LLC,GLTJ PIONEER CAPITAL LLC
GP FUND SOLUTIONS,GP FUND SOLUTIONS
GREAT LAKES FUND SOLUTIONS INC.,GREAT LAKES FUND SOLUTIONS INC.
GREAT LAKES FUNDING SOLUTIONS INC.,GREAT LAKES FUND SOLUTIONS INC.
GRYPHON FUND GROUP,GRYPHON FUND GROUP LLC
GRYPHON FUND GROUP LLC,GRYPHON FUND GROUP LLC
GRYPHON GROUP,GRYPHON FUND GROUP LLC
GRYPHON INVESTORS INC,GRYPHON INVESTORS INC
GSQRD CONSULTING LLC,GSQRD CONSULTING LLC
GTCR-CELTIC ACQUISITION LLC D/B/A ULTIMUS LEVERPOINT,GTCR-CELTIC ACQUISITION LLC D/B/A ULTIMUS LEVERPOINT
HAHN  OLDHAM PC,HAHN  OLDHAM PC
HALPERN  ASSOCIATES LLC,HALPERN  ASSOCIATES LLC
HANOVER PARK,HANOVER PARK TECHNOLOGIES INC.
HANOVER PARK NYC,HANOVER PARK TECHNOLOGIES INC.
HANOVER PARK TECHNOLOGIES INC.,HANOVER PARK TECHNOLOGIES INC.
HANOVER TECHNOLOGIES INC.,HANOVER PARK TECHNOLOGIES INC.
HARBERT MANAGEMENT CORPORATION,HARBERT MANAGEMENT CORPORATION
HC GLOBAL,HC GLOBAL FUND SERVICES LLC
HC GLOBAL FUND ADMINISTRATION SERVICES,HC GLOBAL FUND SERVICES LLC
HC GLOBAL FUND SERVICE LLC,HC GLOBAL FUND SERVICES LLC
HC GLOBAL FUND SERVICES LLC,HC GLOBAL FUND SERVICES LLC
HC GLOBAL SERVICES LLC,HC GLOBAL FUND SERVICES LLC
HCGLOBAL,HC GLOBAL FUND SERVICES LLC
HDM TAX GROUP,HDM TAX GROUP
HEDGESERV,HEDGESERV
HEYCANOPY,HEYCANOPY
HHM CPAS LLC,HHM CPAS LLC
HIGH DIVIDE MANAGEMENT,HIGH DIVIDE MANAGEMENT LLC
HIGH DIVIDE MANAGEMENT LLC,HIGH DIVIDE MANAGEMENT LLC
HIGHLANDS CPA LLC,HIGHLANDS CPA LLC
HIIVE INVESTMENTS INC,HIIVE INVESTMENTS INC
HURLEY ONEILL  CO.,HURLEY ONEILL  CO.
IGNITION VENTURES MANAGEMENT II LLC,IGNITION VENTURES MANAGEMENT II LLC
IMA FINANCIAL GROUP,IMA FINANCIAL GROUP
INFLAMMO,INFLAMMO
INSIGNIA ACCOUNTING CORP.,INSIGNIA ACCOUNTING CORP.
INTEGRATED INVESTMENT SOLUTIONS LLC,INTEGRATED INVESTMENT SOLUTIONS LLC
INTERNATIONAL FUND MANAGEMENT,INTERNATIONAL FUND MANAGEMENT
INTERNATIONAL FUND SERVICES N.A. L.L.C.,INTERNATIONAL FUND MANAGEMENT
INTERTRUST CORPORATE AND FUND SERVICES LLC,INTERTRUST CORPORATE AND FUND SERVICES LLC
INTERTRUST CORPORATE AND FUND SERVICES LLC A CSC COMPANY,INTERTRUST CORPORATE AND FUND SERVICES LLC
INTRALINKS HOLDINGS INC.,INTRALINKS HOLDINGS INC.
IPS FUND SERVICES LLC,IPS FUND SERVICES LLC
IQ EQ FUND SERVICES,IQ EQ US FUND SERVICES LLC
IQ EQ TECHNOLOGY SERVICES,IQ EQ US FUND SERVICES LLC
IQ EQ US FUND SERVICES LLC,IQ EQ US FUND SERVICES LLC
IQ-EQ,IQ EQ US FUND SERVICES LLC
IQ-EQ  FORMERLY SOUTH WATCH LLC,IQ EQ US FUND SERVICES LLC
IQ-EQ FUND ADMINISTRATION,IQ EQ US FUND SERVICES LLC
IQ-EQ FUND ADMINISTRATION SERVICES,IQ EQ US FUND SERVICES LLC
IQ-EQ FUND SERVICES LLC,IQ EQ US FUND SERVICES LLC
IQ-EQ U.S.,IQ EQ US FUND SERVICES LLC
IQ-EQ US,IQ EQ US FUND SERVICES LLC
IQEQ,IQ EQ US FUND SERVICES LLC
IQEQ FUND SERVICES,IQ EQ US FUND SERVICES LLC
J AND M FINANCE LLC,J AND M FINANCE LLC
J. ARTHUR GREENFIELD,J. ARTHUR GREENFIELD
J.P. MORGAN CHASE BANK NATIONAL ASSOCIATION,J.P. MORGAN SECURITIES INC.
J.P. MORGAN HEDGE FUND SERVICES,J.P. MORGAN SECURITIES INC.
J.P. MORGAN PRIVATE EQUITY FUND SERVICES,J.P. MORGAN SECURITIES INC.
J.P. MORGAN SECURITIES INC.,J.P. MORGAN SECURITIES INC.
JAM OUTSOURCE SERVICES LLC,JAM OUTSOURCE SERVICES LLC
JGM FUND SERVICES,JGM FUND SERVICES
JJR  ASSOCIATES LLC,JJR  ASSOCIATES LLC
JOHN W. RYAN,JOHN W. RYAN
JP MORGAN CHASE BANK N.A.,J.P. MORGAN SECURITIES INC.
JP MORGAN CHASE BANK NATIONAL ASSOCIATION,J.P. MORGAN SECURITIES INC.
JP MORGAN PRIVATE EQUITY  REAL ESTATE SERVICES,J.P. MORGAN SECURITIES INC.
JP MORGAN PRIVATE INVESTMENTS INC,J.P. MORGAN SECURITIES INC.
JPMORGAN CHASE BANK N. A.,J.P. MORGAN SECURITIES INC.
JPMORGAN CHASE BANK N.A.,J.P. MORGAN SECURITIES INC.
JPMORGAN PRIVATE EQUITY AND REAL ESTATE SERVICES,J.P. MORGAN SECURITIES INC.
JPMORGAN PRIVATE EQUITY FUND SERVICE,J.P. MORGAN SECURITIES INC.
JPMORGAN PRIVATE EQUITY FUND SERVICES,J.P. MORGAN SECURITIES INC.
JPMORGAN PRIVATE EQUTY FUND SERVICES,J.P. MORGAN SECURITIES INC.
JSQ ADMINISTRATIVE SERVICES LLC,JSQ ADMINISTRATIVE SERVICES LLC
JTC AMERICAS,JTC FINANCIAL GROUP
JTC FINANCIAL GROUP,JTC FINANCIAL GROUP
JTC FUND SOLUTIONS RSA PTY LTD,JTC FINANCIAL GROUP
JTC GROUP,JTC FINANCIAL GROUP
JTC PLC,JTC FINANCIAL GROUP
JTC USA HOLDINGS INC,JTC FINANCIAL GROUP
JUNIPER SQUARE,JUNIPER SQUARE INC.
JUNIPER SQUARE ADMINISTRATION SERVICES,JUNIPER SQUARE INC.
JUNIPER SQUARE FUND ADMINISTRATION,JUNIPER SQUARE INC.
JUNIPER SQUARE INC,JUNIPER SQUARE INC.
JUNIPER SQUARE INC.,JUNIPER SQUARE INC.
KAUFMAN ROSSIN ALTERNATIVE INVESTMENT SERVICES LLC,KAUFMAN ROSSIN ALTERNATIVE INVESTMENT SERVICES LLC
KELA ACCOUNTING,KELA CONSULTING LLC
KELA CONSULTING LLC,KELA CONSULTING LLC
KIMBERLY A. KOENIG,KIMBERLY A. KOENIG
KRANZ  ASSOCIATES,KRANZ  ASSOCIATES LLC
KRANZ  ASSOCIATES HOLDINGS LLC,KRANZ  ASSOCIATES LLC
KRANZ  ASSOCIATES LLC,KRANZ  ASSOCIATES LLC
KRANZ CONSULTING,KRANZ  ASSOCIATES LLC
KRYPTON FUND SERVICES LTD.,KRYPTON FUND SERVICES LTD.
KRYPTON FUND SERVICES USA INC.,KRYPTON FUND SERVICES LTD.
LANGHAM HALL,LANGHAM HALL US LLC
LANGHAM HALL US LLC,LANGHAM HALL US LLC
LANGHAMHALL,LANGHAM HALL US LLC
LEVERPOINT,LEVERPOINT MANAGEMENT LLC
LEVERPOINT MANAGEMENT LLC,LEVERPOINT MANAGEMENT LLC
LEVERPOINT MANAGEMENT LLC DBA ULTIMUS LEVERPOINT PRIVATE FUND SOLUTIONS,LEVERPOINT MANAGEMENT LLC
LICCAR,LICCAR FUND SERVICES
LICCAR CERTIFIED PUBLIC ACCOUNTANTS,LICCAR FUND SERVICES
LICCAR FUND SERVICES,LICCAR FUND SERVICES
LICCAR FUND SERVICES C/O WEWORK,LICCAR FUND SERVICES
LINNOVATE PARTNERS LIMITED,LINNOVATE PARTNERS LIMITED
LISA J. LOBREE LLC,LISA J. LOBREE LLC
LOANWELL,LOANWELL
LOON CREEK CAPITAL GROUP,LOON CREEK CAPITAL GROUP
LUCAS HORSFALL,LUCAS HORSFALL
LUCASHORSFALL,LUCAS HORSFALL
MACIAS GINI  OCONNELL LLP,MACIAS GINI  OCONNELL LLP
MAPLES FUND SERVICES,MAPLES FUND SERVICES MA INC.
MAPLES FUND SERVICES MA INC.,MAPLES FUND SERVICES MA INC.
MARITIME TAX  ACCOUNTING SERVICES INC.,MARITIME TAX  ACCOUNTING SERVICES INC.
MBD FINANCIAL PARTNERS LLC,MBD FINANCIAL PARTNERS LLC
MBX CAPITAL II GP LLC,MBX CAPITAL II GP LLC
MERITAGE ACCOUNTING GROUP,MERITAGE AG LLC
MERITAGE AG LLC,MERITAGE AG LLC
MERITAGE AG LLC D/B/A MERITAGE ACCOUNTING GROUP,MERITAGE AG LLC
MERITAGE AG LLC DBA MERITAGE ACCOUNTING GROUP,MERITAGE AG LLC
MG STOVER  CO.,MG STOVER  CO.
MICHAEL J. LICCAR  COMPANY LLC,MICHAEL J. LICCAR  COMPANY LLC
MOLTO CAPITAL LLC,MOLTO CAPITAL LLC
MORGAN STANLEY FUND SERVICES,MORGAN STANLEY FUND SERVICES
MORGAN STANLEY FUND SERVICES USA LLC,MORGAN STANLEY FUND SERVICES
MOSKOWITZ  ASSOCIATES CPAS PC,MOSKOWITZ  ASSOCIATES CPAS PC
MUFG CAPITAL ANALYTICS LLC,MUFG CAPITAL ANALYTICS LLC
MUTUAL SHAREHOLDER SERVICES LLC,MUTUAL SHAREHOLDER SERVICES LLC
NAC CONSULTING,NAV CONSULTING INC
NAV,NAV CONSULTING INC
NAV CONSUILTING INC.,NAV CONSULTING INC
NAV CONSULTING,NAV CONSULTING INC
NAV CONSULTING INC,NAV CONSULTING INC
NAV CONSULTING INC D/B/A NAV FUND ADMINISTRATION GROUP,NAV CONSULTING INC
NAV CONSULTING INC.,NAV CONSULTING INC
NAV COUNSULTING,NAV CONSULTING INC
NAV FUND,NAV CONSULTING INC
NAV FUND ADMINISTRATION,NAV CONSULTING INC
NAV FUND ADMINISTRATION GROUP,NAV CONSULTING INC
NAV FUND ADMINSTRATION GROUP,NAV CONSULTING INC
NAV FUND SERVICES,NAV CONSULTING INC
NAVIGATION FUND SERVICES,NAVIGATION FUND SERVICES
NOMAD ACCOUNTING,NOMAD ACCOUNTING
NORTH MOUNTAIN FUND SERVICES,NORTHMOUNTAIN FUND SERVICES LLC
NORTHERN TRUST HEDGE FUND SERVICES LLC,NORTHERN TRUST HEDGE FUND SERVICES LLC
NORTHMOUNTAIN FUND SERVICES LLC,NORTHMOUNTAIN FUND SERVICES LLC
OAKPOINT FINANCIAL SERVICES LLC,OAKPOINT FUND SERVICES LLC
OAKPOINT FUND SERVICES,OAKPOINT FUND SERVICES LLC
OAKPOINT FUND SERVICES LLC,OAKPOINT FUND SERVICES LLC
OCONNOR DAVIES ADMINISTRATION LLC,OCONNOR DAVIES ADMINISTRATION LLC
OCORIAN,OCORIAN SERVICES US LLC
OCORIAN SERVICES US LLC,OCORIAN SERVICES US LLC
ONE10 FINANCIAL,ONE10 FINANCIAL
OPIS FUND SERVICES,OPUS FUND SERVICES
OPUS,OPUS FUND SERVICES
OPUS FUND SERVICES,OPUS FUND SERVICES
OPUS FUND SERVICES BERMUDA LTD.,OPUS FUND SERVICES
OPUS FUND SERVICES USA LLC,OPUS FUND SERVICES
PANOPTIC FUND ADMINISTRATION LLC,PANOPTIC FUND ADMINISTRATION LLC
PAPEROS,PAPEROS
PARAGON ACCOUNTING SOLUTIONS,PARAGON ACCOUNTING SOLUTIONS
PARTNERSADMIN LLC,PARTNERSADMIN LLC
PAUL AHLSTROM,PAUL AHLSTROM
PAZ MANAGEMENT LLC,PAZ MANAGEMENT LLC
PEAK FUND MANAGEMENT,PEAK FUND MANAGEMENT
PEF SERVICES LLC,PEF SERVICES LLC
PENSAR GROUP,PENSAR GROUP
PERENNIAL FUND SERVICES LLC,PERENNIAL FUND SERVICES LLC
PETRA FUNDS GROUP,PETRA FUNDS GROUP LLC
PETRA FUNDS GROUP LLC,PETRA FUNDS GROUP LLC
PETROLEDGER FINANCIAL SERVICES,PETROLEDGER FINANCIAL SERVICES
PHILLIPS GOLD AND COMPANY LLP,PHILLIPS GOLD AND COMPANY LLP
PIEDMONT FUND SERVICES INC.,PIEDMONT FUND SERVICES INC.
PINNACLE FUND SERVICES LLP,PINNACLE FUND SERVICES LLP
PINNACLE MANAGEMENT SERVICES LLC,PINNACLE FUND SERVICES LLP
PKF OCONNOR DAVIES,PKF OCONNOR DAVIES LLP
PKF OCONNOR DAVIES LLP,PKF OCONNOR DAVIES LLP
PLATFORM ADVISOR LLC,PLATFORM ADVISOR LLC
PORTA MANAGEMENT LLC,PORTA MANAGEMENT LLC
PRAESIDEO FUND SERVICS,PRAESIDEO MANAGEMENT LLC
PRAESIDEO MANAGEMENT LLC,PRAESIDEO MANAGEMENT LLC
PRECISION STRATEGIQUE,PRECISION STRATEGIQUE
PRINCE CAPITAL PARTNERS LLC,PRINCE CAPITAL PARTNERS LLC
PROTEUS FINANCIAL SOLUTIONS,PROTEUS FINANCIAL SOLUTIONS
PRXY FUND SERVICES LLC,PRXY FUND SERVICES LLC
PUNCH FINANCIAL LLC,PUNCH FINANCIAL LLC
QUERCUS CANYON,QUERCUS CANYON MANAGEMENT LLC
QUERCUS CANYON MANAGEMENT LLC,QUERCUS CANYON MANAGEMENT LLC
RADEEZA SERVICES LLC,RADEEZA SERVICES LLC
RAINES  FISCHER LLP,RAINES  FISCHER LLP
RAVIX GROUP,RAVIX GROUP
RCV GLOBAL LLC,RCV GLOBAL LLC
RED CEDAR ADVISORS,RED CEDAR ADVISORY SERVICES
RED CEDAR ADVISORY SERVICES,RED CEDAR ADVISORY SERVICES
REDBRICK ASSOCIATES LLC,REDBRICK ASSOCIATES LLC
REGIONAL ECONOMIC DEVELOPMENT CORPORATION OF SOUTHWESTERN PENNSYLVANIA,REGIONAL ECONOMIC DEVELOPMENT CORPORATION OF SOUTHWESTERN PENNSYLVANIA
REGIONS BANK,REGIONS BANK
RELIANT FUND SERVICES,RELIANT FUND SERVICES
REPOOL INC.,REPOOL INC.
REPUBLIC FUND ADMIN LLC,REPUBLIC FUND ADMIN LLC
RISE CONSULTING GROUP LLC,RISE CONSULTING GROUP LLC
RSM FUND SERVICES,RSM US LLP
RSM US LLP,RSM US LLP
SECURED MANAGEMENT CORP,SECURED MANAGEMENT CORP
SECURITIZE,SECURITIZE FUND SERVICES LLC
SECURITIZE FUND SERVICES LLC,SECURITIZE FUND SERVICES LLC
SECURITIZE FUND SERVICES SECURITIZE INC.,SECURITIZE FUND SERVICES LLC
SECURITIZE INC.,SECURITIZE FUND SERVICES LLC
SECURITIZE MARKETS LLC,SECURITIZE FUND SERVICES LLC
SECURTIZE FUND SERVICES LLC,SECURITIZE FUND SERVICES LLC
SEED LABS,SEED LABS
SEGUE PARTNERS,SEGUE PARTNERS
SEI ARCHWAY FINANCE  OPERATIONS LLC,SEI GLOBAL SERVICES INC.
SEI GLOBAL FUND SERVICES,SEI GLOBAL SERVICES INC.
SEI GLOBAL SERVICES INC.,SEI GLOBAL SERVICES INC.
SEI INVESTMENTS GLOBAL FUND SERVICES,SEI GLOBAL SERVICES INC.
SENSIBA LLP,SENSIBA LLP
SGGG FUND SERVICES U.S. INC.,SGGG FUND SERVICES U.S. INC.
SHEA VENTURES LLC,SHEA VENTURES LLC
SHIFT CAPITAL,SHIFT CAPITAL
SILICON VALLEY BANK,SILICON VALLEY BANK
SMW INVESTMENTS I LLC,SMW INVESTMENTS I LLC
SOCIUM FUND SERVICES A SUNTERA GLOBAL COMPANY,SOCIUM FUND SERVICES A SUNTERA GLOBAL COMPANY
SOCIUMLLC,SOCIUM FUND SERVICES A SUNTERA GLOBAL COMPANY
SOUTH WATCH LLC,SOUTH WATCH LLC
SOUTHWATCH LLC,SOUTH WATCH LLC
SPECTRUM PES,SPECTRUM PRIVATE EQUITY SERVICES LLC
SPECTRUM PRIVATE EQUITY SERVICES LLC,SPECTRUM PRIVATE EQUITY SERVICES LLC
SPV HUB,SPV HUB
SS&C TECHNOLOGIES,SS&C TECHNOLOGIES
SSC,SS&C TECHNOLOGIES
SSC ALPS,SS&C TECHNOLOGIES
SSC FINANCIAL SERVICES LLC,SS&C TECHNOLOGIES
SSC FUND ADMINISTRATION COMPANY,SS&C TECHNOLOGIES
SSC FUND ADMINISTRATION SERVICES,SS&C TECHNOLOGIES
SSC GLOBEOP,SS&C TECHNOLOGIES
SSC PEI SOLUTIONS,SS&C TECHNOLOGIES
SSC PRIVATE EQUITY SERVICES,SS&C TECHNOLOGIES
SSC PRIVATE EQUITY SERVICES INC.,SS&C TECHNOLOGIES
SSC TECHNOLGIES INC.,SS&C TECHNOLOGIES
SSC TECHNOLOGIES,SS&C TECHNOLOGIES
SSC TECHNOLOGIES HOLDINGS INC.,SS&C TECHNOLOGIES
SSC TECHNOLOGIES INC.,SS&C TECHNOLOGIES
STANDISH,STANDISH MANAGEMENT LLC
STANDISH ASSET MANAGEMENT,STANDISH MANAGEMENT LLC
STANDISH MAMAGEMENT LLC,STANDISH MANAGEMENT LLC
STANDISH MANAGEMENT,STANDISH MANAGEMENT LLC
STANDISH MANAGEMENT LLC,STANDISH MANAGEMENT LLC
STANDISH MANAGEMENT US LLC,STANDISH MANAGEMENT LLC
STANDISH MANAGMENT LLC,STANDISH MANAGEMENT LLC
STANDISH MANGEMENT,STANDISH MANAGEMENT LLC
STATE STREET BANK AND TRUST COMPANY,STATE STREET GLOBAL SERVICES
STATE STREET GLOBAL SERVICES,STATE STREET GLOBAL SERVICES
STATE STREET GLOBAL SERVICES  - AIS,STATE STREET GLOBAL SERVICES
STATE STREET INSTITUTIONAL SERVICES,STATE STREET GLOBAL SERVICES
STATE STREET PRIVATE EQUITY FUND SERVICES INC.,STATE STREET GLOBAL SERVICES
STEADFAST GROUP,THE STEADFAST GROUP
STEELBRIDGE CONSULTING,STEELBRIDGE CONSULTING
STILLWATER FUND SERVICES LLC,STILLWATER FUND SERVICES LLC
STOCK OFFERING SOLUTIONS,STOCK OFFERING SOLUTIONS
STONE COAST FUND SERVICES,STONE COAST FUND SERVICES
STONECUTTER CAPITAL MANAGEMENT,STONECUTTER CAPITAL MANAGEMENT
STONEGATE GLOBAL FUND ADMINISTRATION LLC,STONEGATE GLOBAL FUND ADMINISTRATION LLC
STONEGATE GLOBAL FUND SERVICES,STONEGATE GLOBAL FUND ADMINISTRATION LLC
STP INVESTMENT SERVICES,STP INVESTMENT SERVICES TOWER FUND SERVICES
STP INVESTMENT SERVICES TOWER FUND SERVICES,STP INVESTMENT SERVICES TOWER FUND SERVICES
STRATA,STRATA FUND SOLUTIONS LLC
STRATA FUND SOLUTIONS LLC,STRATA FUND SOLUTIONS LLC
STRATEGIC FUND SERVICES LLC,STRATEGIC FUND SERVICES LLC
SUMMIT FUND SERVICES LLC,SUMMIT FUND SERVICES LLC
SUNTERA FUND SERVICES,SOCIUM FUND SERVICES A SUNTERA GLOBAL COMPANY
SUNTERA GLOBAL,SOCIUM FUND SERVICES A SUNTERA GLOBAL COMPANY
SUNTERA GROUP LIMITED DBA SUNTERA GLOBAL,SOCIUM FUND SERVICES A SUNTERA GLOBAL COMPANY
SYDCAR LLC,SYDECAR LLC
SYDECAR,SYDECAR LLC
SYDECAR LLC,SYDECAR LLC
TANGERINE ASSOCIATES,TANGERINE ASSOCIATES
TARRANT MANAGEMENT LLC,TARRANT MANAGEMENT LLC
TASHEEME MARSHAL GOINGS PTC,TASHEEME MARSHAL GOINGS PTC
THE APEX GROUP,APEX FUND SERVICES LLC
THE BANK OF NEW YORK MELLON,THE BANK OF NEW YORK MELLON TRUST COMPANY NATIONAL ASSOCIATION
THE BANK OF NEW YORK MELLON TRUST COMPANY NATIONAL ASSOCIATION,THE BANK OF NEW YORK MELLON TRUST COMPANY NATIONAL ASSOCIATION
THE KOCEN FINANCIAL GROUP INC.,THE KOCEN FINANCIAL GROUP INC.
THE NORTHERN TRUST COMPANY,THE NORTHERN TRUST COMPANY
THE STEADFAST GROUP,THE STEADFAST GROUP
THEOREM FUND SERVICES LLC,THEOREM FUND SERVICES LLC
THOMPSON INVESTING LLC,THOMPSON INVESTING LLC
TILLMAN PE SERVICES,TILLMAN PE SERVICES
TMF,TMF GROUP
TMF FUND SERVICES NORTH AMERICA LLC,TMF GROUP
TMF GROUP,TMF GROUP
TMF GROUP FKA VENTURE BACK OFFICE INC.,TMF GROUP
TMF GROUP NEW YORK LLC,TMF GROUP
TMF SAN DIEGO LLC,TMF GROUP
TMF USA INC.,TMF GROUP
TOA GLOBAL,TOA GLOBAL
TRIDENT FUND SERVICES INC.,TRIDENT FUND SERVICES INC.
TRIDENT TRUST,TRIDENT FUND SERVICES INC.
TROVE FS LLC,TROVE FS LLC
TRUST SERVE,TRUSTSERVE L.P.
TRUSTSERVE L.P.,TRUSTSERVE L.P.
TRUSTSERVE LP,TRUSTSERVE L.P.
U.S. BANCORP FUND SERVICES LLC,U.S. BANCORP FUND SERVICES LLC
U.S. BANK GLOBAL FUND SERVICES,U.S. BANK GLOBAL FUND SERVICES
UBERNOSKY BAKER  ASSOCIATES PLLC,UBERNOSKY BAKER  ASSOCIATES PLLC
UHY ADVISORS INC,UHY ADVISORS INC
ULTIMUS FUND SOLUTIONS,ULTIMUS FUND SOLUTIONS LLC
ULTIMUS FUND SOLUTIONS LLC,ULTIMUS FUND SOLUTIONS LLC
ULTIMUS GROUP LLC,ULTIMUS FUND SOLUTIONS LLC
ULTIMUS LEVERPOINT,LEVERPOINT MANAGEMENT LLC
ULTIMUS LEVERPOINT FUND SOLUTIONS,LEVERPOINT MANAGEMENT LLC
ULTIMUS LEVERPOINT MANAGEMENT LLC,LEVERPOINT MANAGEMENT LLC
ULTIMUS LEVERPOINT PRIVATE FUND SOLUTIONS,LEVERPOINT MANAGEMENT LLC
ULTIMUS PRIVATE FUND SOLUTIONS LLC,LEVERPOINT MANAGEMENT LLC
ULYSSES MANAGEMENT LLC,ULYSSES MANAGEMENT LLC
UMB FUND SERVICES,UMB FUND SERVICES INC.
UMB FUND SERVICES INC.,UMB FUND SERVICES INC.
US BANCORP FUND SERVICES LLC,US BANCORP FUND SERVICES LLC
VAUBAN BY CARTA,CARTA FUND SERVICES LLC
VAUBAN TRINITY LLC,CARTA FUND SERVICES LLC
VECTOR,VECTOR AIS LLC
VECTOR AIS LLC,VECTOR AIS LLC
VECTORAIS,VECTOR AIS LLC
VENELITE LLC,VENELITE LLC
VENTURA FUND SERVICES,VENTURA FUND SERVICES
VENTURE BACK OFFICE,VENTURES360 LLC
VENTURE360,VENTURES360 LLC
VENTURES360 LLC,VENTURES360 LLC
VERIVEST LLC,VERIVEST LLC
VESTAR CAPITAL PARTNERS,VESTAR CAPITAL PARTNERS
VIRIDIS FUND SOLUTIONS,VIRIDIS FUND SOLUTIONS
VIRTUS GROUP L.P,VIRTUS GROUP L.P
VISTRA USA LLC,VISTRA USA LLC
VIVIAN DANG,VIVIAN DANG
VMS FUND ADMINISTRATION,VMS FUND ADMINISTRATION
VSTOCK TRANSFER AGENT,VSTOCK TRANSFER AGENT
WAYSTONE ADMINISTRATION SOLUTIONS,WAYSTONE ADMINISTRATION SOLUTIONS
WAYSTONE ADMINISTRATION SOLUTIONS US INC.,WAYSTONE ADMINISTRATION SOLUTIONS
WAYSTONE ADMINISTRATION SOLUTIONS US INC. FKA CENTAUR FUND SERVICES US INC,WAYSTONE ADMINISTRATION SOLUTIONS
WAYSTONE FUND SERVICES,WAYSTONE ADMINISTRATION SOLUTIONS
WAYSTONE GROUP COMPANIES,WAYSTONE ADMINISTRATION SOLUTIONS
WEV CONSULTING LLC,WEV CONSULTING LLC
WHITE OAK FUND SERVICES LLC,WHITE OAK FUND SERVICES LLC
WILMINGTON TRUST N.A.,WILMINGTON TRUST SP SERVICES INC.
WILMINGTON TRUST SP SERVICES INC.,WILMINGTON TRUST SP SERVICES INC.
XCEL ACCOUNTING SOLUTIONS INC.,XCEL ACCOUNTING SOLUTIONS INC.
XFO PARTNERS INC,XFO PARTNERS INC
YANNY LLC,YANNY LLC
YULISH  ASSOCIATES,YULISH  ASSOCIATES
ZANBATO ADMINISTRATIVE SERVICES LLC,ZANBATO ADMINISTRATIVE SERVICES LLC
ZEDRA FUND SERVICES USA LLC,ZEDRA FUND SERVICES USA LLC
ZIVE AI INC.,ZIVE AI INC.
ZIVEAI INC,ZIVE AI INC.
ZOOK DINNON PA,ZOOK DINNON PA
ZOOK DINON PA,ZOOK DINNON PA
ZUAZO  ASSOCIATES INC.,ZUAZO  ASSOCIATES INC.